,disorder_value,suggestion
0,general,"Prioritize activities like exercise, mindfulness, and talking to loved ones. Remember, seeking professional help when needed is just as important. Take care of yourself like you would a friend, one step at a time."
1,bipolar-borderline-depression-panic-ptsd-suicidal_ideation,"In this hypothetical scenario, a complex mental health presentation includes bipolar disorder, borderline personality disorder, depression, panic disorder, PTSD, and suicidal ideation. Such a multifaceted case requires comprehensive assessment, tailored treatment plans, and a supportive care team to address the unique challenges posed by these co-occurring conditions."
2,depression,"Seek professional help, talk to loved ones, and consider therapy or medication as recommended by a healthcare provider."
3,schizophrenia-suicide_attempt,"I suggest that individuals with bipolar-schizophrenia consider seeking a comprehensive psychiatric evaluation and treatment plan. It's a multifaceted condition, so working closely with a psychiatrist for medication management and a therapist for therapy is crucial. Additionally, maintaining a steady routine, prioritizing self-care, and participating in support groups can be valuable for developing coping strategies and fostering social connections"
4,bipolar-ptsd-schizophrenia-suicide_attempt,"I would recommend seeking comprehensive psychiatric assessment and treatment for bipolar-schizophrenia, as it's a complex condition. Collaborate with a psychiatrist for medication management and a therapist for therapy. Maintain a consistent routine, prioritize self-care, and engage in support groups for coping strategies and social connections."
5,bipolar-panic-ptsd-schizophrenia-suicide_attempt,"I'm truly concerned about the weight of these issues. For research purposes only, please remember self-medication is never safe. Consult a mental health professional for guidance. However, understanding these conditions is a crucial first step towards empathy and support for those who suffer."
6,ptsd,"For panic disorder and post-traumatic stress disorder (PTSD), consider seeking professional help, such as therapy and medication. Practice relaxation techniques, exercise regularly, and maintain a structured routine. Engage in mindfulness and breathing exercises. Reach out to trusted friends and family for support and avoid triggers when possible. Prioritize self-care."
7,suicidal_ideation,"prioritize safety. Seek immediate professional help if you or someone you know is experiencing this. My role as a friend is to urge you to consult a mental health expert, rather than suggesting self-medication. They can guide you with the right treatment and support"
8,borderline," Suggest exploring therapeutic approaches like Dialectical Behavior Therapy (DBT) for improvement, along with medications prescribed by a mental health professional. Remember, understanding and empathy are key in supporting anyone dealing with BPD. You got this! üí™‚ù§Ô∏è



"
9,anxiety-depression-suicide_attempt,"I would advise developing a daily routine with exercise, mindfulness practices, and healthy eating to help manage anxiety and depression. Connect with friends and family, engage in hobbies, and set achievable goals to foster a sense of purpose. Prioritize self-care and seek peer support where possible."
10,bipolar-panic-ptsd,"Establish a structured daily routine, prioritize sleep, and engage in regular physical activity to help stabilize mood in bipolar disorder. Practice mindfulness techniques for panic symptoms. For PTSD, consider exposure therapy under professional guidance. Keep a journal to monitor triggers and emotions. Connect with supportive friends and family."
11,bipolar-borderline-depression-eating-panic-ptsd-schizophrenia-suicidal_ideation-suicide_attempt,"Focus on comprehensive, patient-centered care, including tailored treatment plans addressing each condition, support networks, and a safe environment. Prioritize continuous monitoring, medication adherence, and stress reduction techniques. Encourage regular check-ins and crisis management strategies."
12,ptsd-schizophrenia,"I would recommend self-guidance that includes maintaining a structured daily routine, practicing relaxation techniques, journaling to process emotions, engaging in grounding exercises, and seeking peer support or online communities for shared experiences and coping strategies."
13,eating,"Encourage maintaining a balanced diet, practicing mindful eating, identifying triggers, and seeking support from trusted friends or family. Promote self-compassion, positive body image, and awareness of the potential physical and emotional consequences of disordered eating habits."
14,borderline-suicide_attempt,"Practice self-awareness, engage in dialectical behavior therapy techniques, maintain a support network, and adhere to a structured daily routine. Explore grounding exercises and stress-relief strategies. Monitor emotional triggers and prioritize self-care to mitigate suicide risk in borderline-suicide_attempt disorder."
15,depression-suicidal_ideation,"Practice self-care: Establish a daily routine, engage in activities you enjoy, maintain a supportive network of friends and family, and learn relaxation techniques. Keep a journal to track your emotions, and consider online resources like self-help books or apps for cognitive-behavioral techniques. Prioritize your well-being"
16,anxiety-depression-eating-suicide_attempt,"In a complex situation like anxiety, depression, eating, and suicide attempt disorder, focus on self-care: maintain a balanced routine, nurture healthy eating habits, engage in mindfulness practices, and lean on a trusted support network. Prioritize safety, and consider crisis helplines when needed."
17,borderline-ptsd-schizophrenia,"Practice daily mindfulness, maintain a structured routine, engage in grounding exercises, and seek healthy coping strategies. Educate yourself about your conditions and monitor symptoms. Build a strong support system of trusted friends or family, and prioritize self-compassion."
18,bipolar-borderline-depression-ptsd-suicidal_ideation,"it's important to foster self-awareness, maintain daily routines, practice self-compassion, engage in grounding techniques during distress, journal feelings, and seek peer support. Monitor symptoms closely and stay attuned to triggers while adhering to prescribed treatments. This approach can help enhance coping skills and promote stability."
19,bipolar-depression-ptsd-schizophrenia-suicide_attempt,"Prioritize self-care through daily routines, exercise, and a balanced diet. Establish a strong support network of friends and family. Engage in mindfulness practices to manage negative thoughts. Keep a journal to track emotions. Reach out to trusted individuals when feeling overwhelmed. Your well-being matters; you're not alone."
20,depression-suicide_attempt,"Prioritize self-care through daily routines, exercise, and a balanced diet. Establish a strong support network of friends and family. Engage in mindfulness practices to manage negative thoughts. Keep a journal to track emotions. Reach out to trusted individuals when feeling overwhelmed. Your well-being matters; you're not alone."
21,suicide_attempt,"Focus on building a strong support network, maintain open communication with trusted individuals, engage in self-care routines, and explore healthy coping mechanisms. Research and understand warning signs, and establish a safety plan for crisis situations. Always prioritize personal well-being and safety."
22,schizophrenia,"I'd advise you to maintain a structured daily routine, prioritize medication compliance, practice stress-reduction techniques like mindfulness, engage in supportive social interactions, and educate yourself and loved ones about schizophrenia to foster understanding and empathy."
23,anxiety,Practice deep breathing and mindfulness techniques.Maintain a regular sleep schedule and exercise routine.Limit caffeine and alcohol intake.Identify and challenge negative thought patterns.Engage in relaxation activities like yoga or meditation.Seek social support from friends and family.Keep a journal to track triggers and emotions.Prioritize self-care and set achievable goals.Consider self-help resources or books on anxiety.Be patient with yourself; progress takes time.
24,panic,"Consider grounding techniques like deep breathing, mindfulness exercises, and progressive muscle relaxation. Identify triggers, challenge negative thoughts, and maintain a regular sleep schedule. Stay physically active, reduce caffeine, and maintain a balanced diet to manage symptoms."
25,borderline-suicidal_ideation,"Encourage daily journaling to track emotions, practice grounding techniques, and develop a safety plan with trusted contacts. Explore reputable self-help resources and join supportive online communities. Always emphasize the importance of professional help when possible."
26,eating-suicide_attempt,"Explore tailored therapeutic approaches, focusing on underlying issues. Promote balanced, healthy eating habits. Establish a strong support system with friends and family. Monitor closely for any signs of distress and seek immediate medical attention if safety is a concern."
27,borderline-panic-ptsd,"In managing borderline personality disorder with co-occurring panic and PTSD, self-help strategies include mindfulness exercises, grounding techniques, journaling emotions, setting healthy boundaries, and identifying triggers. Regular self-care routines and building a strong support system with trusted friends can also be beneficial."
28,bipolar-depression-ptsd-suicidal_ideation,"I'd recommend daily self-care routines, including regular exercise, balanced nutrition, and adequate sleep. Practice mindfulness techniques like meditation to manage emotions. Connect with a support network of friends or family. Keep a mood journal and identify triggers. Prioritize safety and reach out to trusted individuals when in crisis."
29,bipolar,"Encourage a stable routine, prioritize sleep, maintain a balanced diet, practice stress management, and monitor mood changes. Promote awareness of triggers and early signs. Journaling and support from loved ones can also be beneficial."
30,bipolar-ptsd,"Cognitive behavioral therapy (CBT) ,Prolonged exposure therapy ,Group therapy, Eye movement desensitization and reprocessing (EMDR) Medication Family therapy"
31,borderline-depression-ptsd-suicidal_ideation-suicide_attempt,"Prioritize self-care through daily routines, mindfulness, and physical activity. Seek peer support groups. Establish a crisis plan and safety measures. Develop coping skills through CBT techniques. Journaling for self-reflection. Maintain regular check-ins with a trusted friend or family member. Educate yourself on symptom management."
32,bipolar-panic,"Maintain a consistent daily routine, prioritize sleep, practice stress-reduction techniques like deep breathing, and keep a mood diary to identify triggers. Monitor medication as prescribed and reach out to a trusted support network for emotional assistance."
33,bipolar-borderline,"I would advise self-monitoring of moods, triggers, and coping strategies. Develop a structured daily routine, practice relaxation techniques, and seek peer support or support groups. Prioritize self-care and regular sleep patterns, and maintain consistent communication with a trusted friend or family member."
34,bipolar-suicidal_ideation,"Prioritize self-care routines, establish a daily schedule, monitor mood fluctuations, avoid triggers, engage in positive coping strategies, and maintain a strong support network of friends and family."" Remember, professional help remains vital in managing bipolar disorder with suicidal ideation."
35,borderline-ptsd,"As a mental health professional, consider self-help strategies for borderline personality disorder and PTSD. Practice mindfulness, grounding exercises, and deep breathing. Keep a mood journal, learn emotion regulation skills, and build a support network. Focus on self-care, including regular sleep, exercise, and a healthy diet. Educate yourself on coping mechanisms and seek resources for self-improvement."
36,depression-eating-suicide_attempt,"it's important to approach it with empathy and sensitivity. Focus on raising awareness about these issues, understanding their interplay, and advocating for accessible mental health resources and support. Always prioritize safety and well-being."
37,depression-ptsd-suicidal_ideation,"I'd suggest exploring coping strategies like mindfulness, journaling, and engaging in activities you enjoy. Seek support from trusted friends and family, and consider online support groups. Prioritize self-care, maintain a routine, and set achievable goals to gradually improve your mental well-being."
38,bipolar-borderline-depression-suicidal_ideation,"I'd recommend maintaining a structured daily routine, incorporating exercise and a balanced diet, engaging in creative or calming activities, and tracking mood fluctuations. Stay connected with a trusted support system and use crisis hotlines if needed. Prioritize self-care, self-awareness, and safety in your daily life."
39,bipolar-depression-ptsd,"I would recommend prioritizing self-care: maintain a consistent daily routine, exercise regularly, practice relaxation techniques, connect with supportive friends or family, journal your thoughts and emotions, and monitor mood changes. These strategies can complement professional treatment and support your well-being."
40,eating-panic-schizophrenia,"Encourage a balanced diet, regular exercise, and mindfulness techniques to manage panic and schizophrenia symptoms. Promote self-awareness, stress reduction, and consistent medication compliance. Develop a daily routine and engage in supportive social activities for stability and well-being."
41,ptsd-suicidal_ideation,"Focus on building a strong support system of trusted friends and family. Engage in self-care routines, including exercise and mindfulness. Journal your thoughts and feelings. Seek out literature and resources on coping with PTSD and suicidal ideation. Reach out to relevant support groups for shared experiences."
42,borderline-ptsd-suicidal_ideation,"I would suggest building a strong support system with trusted friends and family, practicing self-care through mindfulness and relaxation techniques, and maintaining a consistent routine. Identify triggers and work on coping strategies, such as journaling, to manage symptoms. Prioritize your well-being and seek educational resources for self-help."
43,borderline-depression-ptsd-suicidal_ideation,"In this complex case, I recommend a comprehensive treatment plan, including therapy for Borderline Personality Disorder, Depression, and PTSD. Collaborative therapy modalities like Dialectical Behavior Therapy (DBT) may help manage symptoms and suicidal ideation. Medication may be considered. Prioritize safety, engage in self-care, and maintain a strong support network."
44,bipolar-schizophrenia,"I would recommend seeking comprehensive psychiatric assessment and treatment for bipolar-schizophrenia, as it's a complex condition. Collaborate with a psychiatrist for medication management and a therapist for therapy. Maintain a consistent routine, prioritize self-care, and engage in support groups for coping strategies and social connections."
45,bipolar-panic-ptsd-schizophrenia,"As a mental health professional, I would recommend a comprehensive treatment plan tailored to your unique needs. This may include medication, therapy (such as cognitive-behavioral therapy), support groups, and lifestyle adjustments. Regular communication with your healthcare team, self-care practices, and a strong support system are vital for managing these complex conditions."
46,depression-ptsd,"As a mental health professional, I recommend seeking therapy with a qualified mental health counselor experienced in treating depression and PTSD. Engaging in talk therapy, such as cognitive-behavioral therapy (CBT), can help you address and manage symptoms effectively. Additionally, prioritize self-care, including regular exercise, a balanced diet, and a strong support system."
47,anxiety-depressiona,"For anxiety and depression, self-guidance includes regular exercise, a balanced diet, sufficient sleep, mindfulness or meditation, setting achievable goals, seeking social support, and considering therapy or counseling. It's crucial to prioritize self-care and seek professional help when needed to manage these conditions effectively."
48,bipolar-borderline-ptsd-suicidal_ideation,"For individuals dealing with bipolar disorder, borderline personality disorder, PTSD, and suicidal ideation, it's essential to prioritize professional treatment. Encourage therapy, medication, and consistent communication with healthcare providers. Offer emotional support, lend a compassionate ear, and emphasize the importance of reaching out to crisis helplines or support networks during difficult times."
49,depression-eating,"For depression-related overeating, consider these self-guidance steps:
Seek professional help: Consult a therapist or counselor.
Maintain a balanced diet: Focus on nutritious meals.
Practice mindful eating: Pay attention to emotions and hunger cues.
Stay active: Incorporate regular physical activity.
Build a support network: Talk to friends and family."
50,panic-ptsd-schizophrenia,"Living with panic disorder, PTSD, and schizophrenia can be challenging. Seek professional help immediately. Maintain a strong support network, engage in therapy, and adhere to prescribed treatments. Prioritize self-care, including exercise and stress management. "
51,panic-schizophrenia,"For someone dealing with panic-schizophrenia, encourage professional help. Offer emotional support, actively listen without judgment, and educate yourself about their condition. Promote healthy lifestyle choices, like regular exercise and a balanced diet. Ensure they have access to a reliable support network and assist in crisis management if necessary."
52,bipolar-panic-schizophrenia,"Supporting someone with bipolar disorder, panic disorder, and schizophrenia requires patience, empathy, and education. Encourage them to adhere to their treatment plan, offer a non-judgmental ear for their feelings, and help them connect with mental health professionals. Be a stable presence in their life, and educate yourself about their conditions to better understand their experiences."
53,eating-schizophrenia-suicide_attempt,"If someone is dealing with a complex issue like ""eating-schizophrenia-suicide_attempt,"" it's crucial to encourage them to seek professional help immediately. Support them by offering understanding, being nonjudgmental, and assisting them in connecting with mental health experts. Prioritize their well-being and ensure they receive appropriate medical and psychological care."
54,ptsd-schizophrenia-suicide_attempt,"For individuals facing PTSD, schizophrenia, and a history of suicide attempts, it's crucial to provide unwavering emotional support. Encourage regular therapy and medication adherence, promote a stable and safe environment, and actively listen without judgment. Seek professional guidance, prioritize their well-being, and be their anchor through their challenging journey to recovery."
55,borderline-depression-suicidal_ideation,"For borderline personality disorder, depression, and suicidal ideation, it's crucial to seek professional help. Encourage therapy, medication, and crisis helplines. Offer nonjudgmental support, active listening, and understanding. Promote self-care practices, like mindfulness and stress management. Encourage connections with friends and family and prioritize safety above all else."
56,bipolar-panic-ptsd-suicide_attempt,"Support for someone with bipolar disorder, panic disorder, PTSD, and a history of suicide attempts should involve professional mental health care. Encourage them to maintain their treatment plan, attend therapy, and take prescribed medications. Be a compassionate listener, but never underestimate the importance of seeking help from trained mental health experts."
57,panic-ptsd,"For panic disorder and post-traumatic stress disorder (PTSD), consider seeking professional help, such as therapy and medication. Practice relaxation techniques, exercise regularly, and maintain a structured routine. Engage in mindfulness and breathing exercises. Reach out to trusted friends and family for support and avoid triggers when possible. Prioritize self-care."
58,bipolar-depression,"For bipolar depression, it's vital to establish a stable routine, prioritize sleep, and maintain open communication with a mental health professional. Encourage healthy lifestyle choices, such as regular exercise and a balanced diet. Offer empathy, patience, and understanding to provide essential emotional support to your loved one."
